<!DOCTYPE hibernate-mapping PUBLIC "-//Hibernate/Hibernate Mapping DTD 3.0//EN" "http://hibernate.sourceforge.net/hibernate-mapping-3.0.dtd">
<hibernate-mapping>
    <class name="com.aprendoz_desarrollo.data.BusPhone" table="bus_phone" catalog="aprendoz_desarrollo" dynamic-insert="false" dynamic-update="false">
        <id name="id" type="integer">
            <column name="id"/>
            <generator class="identity"/>
        </id>
        <property name="phone" type="string">
            <column name="phone" not-null="true"/>
        </property>
        <many-to-one name="busDriver" class="com.aprendoz_desarrollo.data.BusDriver">
            <column name="driver_id"/>
        </many-to-one>
    </class>
</hibernate-mapping>