<!DOCTYPE hibernate-mapping PUBLIC "-//Hibernate/Hibernate Mapping DTD 3.0//EN" "http://hibernate.sourceforge.net/hibernate-mapping-3.0.dtd">
<hibernate-mapping>
    <meta attribute="@design.default-queries"/>
    <query name="getTodosCostos">
        <query-param name="idp" type="java.lang.Integer"/>
        <query-param name="cod" type="java.lang.String"/>
        <query-param name="nuevo" type="java.lang.Boolean"/>
        <query-param name="sy" type="java.lang.Integer"/>
        <query-param name="cod2" type="java.lang.String"/>
        SELECT _c.idCosto as idcosto, _c.codigo as codigo, _c.nombreProducto as nombre, _c.valor as valor, _c.nuevo as nuevo, _iac.inscrito as inscrito, _iac.idInscAlumCosto as idiac
FROM InscAlumCosto _iac INNER JOIN _iac.costos _c INNER JOIN _iac.persona _p INNER JOIN _iac.sy as _sy
WHERE _p.idPersona=:idp AND ( _c.codigo=:cod OR _c.codigo=:cod2) AND _c.nuevo=:nuevo AND _sy.idSy=:sy
    </query>
    <query name="_hqlFichaMedicaByUser">
        <query-param name="idp" type="java.lang.Integer"/>
        SELECT _p.idPersona as id, CONCAT(_p.nombre1,&apos; &apos;,_p.nombre2,&apos; &apos;,_p.apellido1,&apos; &apos;,_p.apellido2) as nombrecompleto, _p.fechaNacimiento as fecha, _p.gradoIngreso as grado, _p.tipoSangre as rh, _p.eps as eps, _p.saludPrepagada  as prepagada, _p.telefono as telefono, _p.clinicaEmergencia as emergencia
FROM Persona _p
WHERE _p.idPersona=:idp
    </query>
    <query name="parentsHistoryCualifications">
        <query-param name="idPer2" type="java.lang.Integer"/>
        <query-param name="idApr2" type="java.lang.Integer"/>
        SELECT
p.idPersona as idpersona,
a.idAprendizaje as idaprendizaje,
iaa.calificacion as calificacion,
(iaa.calificacionNum * 100) as puntaje,
CONCAT(str(day(iaa.fechaLogro)),&apos;/&apos;,str(month(iaa.fechaLogro)),&apos;/&apos;,str(year(iaa.fechaLogro))) as fechalogro,
CONCAT(str(day(iaa.fechaIngreso)),&apos;/&apos;,str(month(iaa.fechaIngreso)),&apos;/&apos;,str(year(iaa.fechaIngreso))) as fechaingreso,
iaa.calificacion as calificacion,
iaa.comentario as comentario,
iaa.idInscAlumAprendizaje as id

FROM InscAlumAprendizaje iaa INNER JOIN iaa.persona p INNER  JOIN iaa.aprendizaje a
WHERE p.idPersona=:idPer2 AND a.idAprendizaje=:idApr2
    </query>
    <query name="_verificaResponsable">
        <query-param name="idgf" type="java.lang.Integer"/>
        SELECT gf.idGrupoFamiliar as id, gf.grupoFamiliar as grupo, p.nombreLdap as usuario, tp.tipoPersona as tipo,
CONCAT(p.nombre1,&apos; &apos;,p.nombre2,&apos; &apos;,p.apellido1,&apos; &apos;,p.apellido2) as nombrecompleto, p.noDocumento as dni
FROM InscPersonaGrupoFamiliar ipgf INNER JOIN ipgf.grupoFamiliar as gf INNER JOIN ipgf.persona as p INNER JOIN ipgf.tipoPersona tp
WHERE ipgf.responsable=true AND gf.idGrupoFamiliar=:idgf
    </query>
    <query name="_typeUserByUsername">
        <query-param name="user" type="java.lang.String"/>
        SELECT p.nombreLdap as username, tp.idTipoPersona as idtipo, tp.tipoPersona as tipo
FROM Persona p INNER JOIN p.tipoPersona tp
WHERE p.nombreLdap=:user
    </query>
    <query name="getIdbyUser">
        <query-param name="user" type="java.lang.String"/>
        SELECT _p.idPersona as id, _t.idTipoPersona as idtipo, _t.tipoPersona as tipo
FROM Persona _p INNER JOIN _p.tipoPersona _t
WHERE _p.nombreLdap=:user
    </query>
    <query name="parentsDeleteSubscription">
        <query-param name="idrecord" type="java.lang.Integer"/>
        DELETE FROM InscPersonaEduCom ipc WHERE ipc.idInscPersonaEduCom=:idrecord
    </query>
    <query name="getEducomOLA">
        <query-param name="pidsy" type="java.lang.Integer"/>
        <query-param name="pidpersona" type="java.lang.Integer"/>
        SELECT
p.idPersona as idpersona,
sy.idSy as idsy,
e.tipoEducom as educom
FROM InscPersonaEduCom ipe INNER JOIN ipe.educom e INNER JOIN ipe.persona p INNER JOIN e.sy sy
WHERE sy.idSy=:pidsy AND p.idPersona=:pidpersona and e.tipoEducom=&apos;OLA&apos;
    </query>
    <query name="_detallesAlimentos">
        <query-param name="idp" type="java.lang.Integer"/>
        <query-param name="alergias" type="java.lang.String"/>
        <query-param name="especiales" type="java.lang.String"/>
        UPDATE FichaMedica fm SET fm.alergias=:alergias, fm.recomendacionesEspeciales=:especiales
WHERE fm.persona IN(SELECT _p.idPersona FROM Persona _p WHERE _p.idPersona=:idp)
    </query>
    <query name="getIdPersonabyUser">
        <query-param name="username" type="java.lang.String"/>
        SELECT p.idPersona as idp, p.nombreLdap as user, gf.idGrupoFamiliar as idgf, gf.grupoFamiliar as familia
FROM Persona p INNER JOIN p.grupoFamiliar as gf
WHERE p.nombreLdap=:username
    </query>
    <query name="getEducomEAD">
        <query-param name="pidsy" type="java.lang.Integer"/>
        <query-param name="pidpersona" type="java.lang.Integer"/>
        SELECT
p.idPersona as idpersona,
sy.idSy as idsy,
e.tipoEducom as educom
FROM InscPersonaEduCom ipe INNER JOIN ipe.educom e INNER JOIN ipe.persona p INNER JOIN e.sy sy
WHERE sy.idSy=:pidsy AND p.idPersona=:pidpersona and e.tipoEducom=&apos;EAD&apos;
    </query>
    <query name="hql_ls_pais">
        SELECT p.idPais as idpais, p.pais as pais
FROM Pais p
    </query>
    <query name="getCoordinatorInfo">
        <query-param name="id" type="java.lang.Integer"/>
        SELECT year.schoolYear as sy, persona.idPersona as id, curso.idCurso as cursoid, curso.curso as curso, docente.
idCurso as docente_curso,asignatura.idAsignatura as idasignatura, asignatura.asignatura as asignatura, profesor.nombre1 as n1, profesor.nombre2 as n2, profesor.apellido1 as a1, profesor.apellido2 as a2, profesor.email as correo
FROM InscAlumCurso AS iac, InscCursoAsig as ica
INNER JOIN iac.sy as year
INNER JOIN iac.persona as persona
INNER JOIN iac.curso as curso
INNER JOIN ica.curso as docente
INNER JOIN ica.asignatura as asignatura
INNER JOIN asignatura.sy as asignatura_sy
INNER JOIN ica.persona as profesor
WHERE year.idSy=3 and persona.idPersona=:id and curso.idCurso &gt;= 10101 and curso.idCurso &lt;= 40403
AND curso.idCurso = docente.idCurso and year.idSy = asignatura_sy.idSy AND asignatura.asignatura LIKE &apos;DESARROLLO DE VIRTUDES%&apos;
    </query>
    <query name="getCostos">
        <query-param name="idg" type="java.lang.Integer"/>
        <query-param name="cod" type="java.lang.Integer"/>
        SELECT _c.idCosto as id, _c.codigo as codigo, _c.nombreProducto as nombre, _c.valor as valor, _c.nuevo as nuevo
FROM Costos _c INNER JOIN _c.grado _g
WHERE _g.idGrado=:idg and _c.codigo=:cod
    </query>
    <query name="updatePasswordProfile">
        <query-param name="pclave" type="java.lang.String"/>
        <query-param name="piduser" type="java.lang.Integer"/>
        UPDATE Persona p SET p.clave=:pclave WHERE p.idPersona=:piduser
    </query>
    <query name="getEducomAFR">
        <query-param name="pidsy" type="java.lang.Integer"/>
        <query-param name="pidpersona" type="java.lang.Integer"/>
        SELECT
p.idPersona as idpersona,
sy.idSy as idsy,
e.tipoEducom as educom
FROM InscPersonaEduCom ipe INNER JOIN ipe.educom e INNER JOIN ipe.persona p INNER JOIN e.sy sy
WHERE sy.idSy=:pidsy AND p.idPersona=:pidpersona and e.tipoEducom=&apos;EFA&apos;
    </query>
    <query name="returnExistsValueGrupoFamiliar">
        <query-param name="idg" type="java.lang.Integer"/>
        SELECT agf.idActualizacionGrupoFamiliar as valorRetornado, agf.fecha as fecha, agf.actualizado as actualizado, familia.idGrupoFamiliar as idgrupo
FROM ActualizacionGrupoFamiliar agf INNER JOIN agf.grupoFamiliar as familia
WHERE familia.idGrupoFamiliar=:idg
    </query>
    <query name="trackingPersonas" comment="Quesry para realizar seguimiento a usuarios">
        <query-param name="usuario" type="java.lang.String"/>
        SELECT
p.idPersona as id,
p.nombre1 as nombre1,
p.nombre2 as nombre2,
p.apellido1 as apellido1,
p.apellido2 as apellido2,
curdate() as fecha_actual
FROM
Persona p WHERE p.nombreLdap=:usuario
    </query>
    <query name="studentSujectActivities">
        <query-param name="idp" type="java.lang.Integer"/>
        <query-param name="idsy" type="java.lang.Integer"/>
        SELECT
act.idActividad as id,
CONCAT(a.asignatura) as title,
CONCAT(str(year( act.fecha)),&apos;-&apos;,str(month(act.fecha)),&apos;-&apos;,str(day( act.fecha))) as start,
COUNT(*) as totalActividades
FROM InscAlumAsig iaa
INNER JOIN iaa.asignatura a INNER JOIN a.unidads u INNER JOIN u.subtopicos s INNER JOIN s.actividads act INNER JOIN iaa.persona p INNER JOIN iaa.periodo per INNER JOIN per.sy _sy
WHERE p.idPersona=:idp AND _sy.idSy=:idsy AND act.fecha IS NOT NULL
GROUP BY a.idAsignatura, act.fecha
ORDER BY act.fecha
    </query>
    <query name="hqlGetTotalPagar">
        <query-param name="idp" type="java.lang.Integer"/>
        SELECT SUM(c.valor) as totalPagar
FROM InscAlumCosto iac INNER JOIN iac.costos as c INNER JOIN iac.persona as p INNER JOIN iac.sy as sy
WHERE p.idPersona=:idp AND iac.inscrito=1 and c.anual=1and sy.idSy=4
    </query>
    <query name="getLogEncuesta">
        <query-param name="idgp" type="java.lang.Integer"/>
        SELECT gegf.encuestaTerminada as terminado
FROM GestionEncuestasGrupoFamiliar gegf INNER JOIN gegf.grupoFamiliar gp
WHERE gp.idGrupoFamiliar=:idgp
    </query>
    <query name="mailPadre">
        <query-param name="grupo" type="java.lang.Integer"/>
        SELECT p.tipoDocumento AS tipoDocumento,p.noDocumento AS numeroDocumento,p.nombre1 AS nombre1,p.nombre2 AS nombre2,p.apellido1 AS apellido1, p.apellido2 AS apellido2, p.email as correo, p.sexo AS sexo, tipo.tipoPersona AS tipoPersona, familia.idGrupoFamiliar as idFamilia, familia.grupoFamiliar as grupo
FROM Persona AS p INNER JOIN p.tipoPersona AS tipo INNER JOIN p.grupoFamiliar as familia
WHERE  (tipo.idTipoPersona=2 OR tipo.idTipoPersona=4  OR tipo.idTipoPersona=10) AND familia.idGrupoFamiliar = :grupo
    </query>
    <query name="mailMadre">
        <query-param name="grupo" type="java.lang.Integer"/>
        SELECT p.tipoDocumento AS tipoDocumento,p.noDocumento AS numeroDocumento,p.nombre1 AS nombre1,p.nombre2 AS nombre2,p.apellido1 AS apellido1, p.apellido2 AS apellido2, p.email as correo, p.sexo AS sexo, tipo.tipoPersona AS tipoPersona, familia.idGrupoFamiliar as idFamilia, familia.grupoFamiliar as grupo
FROM Persona AS p INNER JOIN p.tipoPersona AS tipo INNER JOIN p.grupoFamiliar as familia
WHERE  (tipo.idTipoPersona=4 OR tipo.idTipoPersona=12 OR tipo.idTipoPersona=12 OR tipo.idTipoPersona=7 OR tipo.idTipoPersona=8) AND familia.idGrupoFamiliar = :grupo
    </query>
    <query name="getTipoPersonaByUser">
        <query-param name="user" type="java.lang.String"/>
        SELECT p.nombre1 AS n1,p.nombre2 AS n2,p.apellido1 AS a1, p.apellido2 AS a2, p.nombreLdap AS usuario, tipo.tipoPersona AS tipoPe, tipo.idTipoPersona AS tipoId
FROM Persona AS p INNER JOIN p.tipoPersona AS tipo INNER JOIN p.grupoFamiliar as familia
WHERE   p.nombreLdap = :user
    </query>
    <query name="getEducomEPD">
        <query-param name="pidsy" type="java.lang.Integer"/>
        <query-param name="pidpersona" type="java.lang.Integer"/>
        SELECT
p.idPersona as idpersona,
sy.idSy as idsy,
e.tipoEducom as educom
FROM InscPersonaEduCom ipe INNER JOIN ipe.educom e INNER JOIN ipe.persona p INNER JOIN e.sy sy
WHERE sy.idSy=:pidsy AND p.idPersona=:pidpersona and e.tipoEducom=&apos;EPD&apos;
    </query>
    <query name="haveNewIntegrants">
        <query-param name="grupo" type="java.lang.Integer"/>
        SELECT COUNT(_ip.idInscPersonaGrupoFamiliar) as numero
FROM InscPersonaGrupoFamiliar _ip
INNER JOIN _ip.tipoPersona _tp
INNER JOIN _ip.persona _p
INNER JOIN _ip.grupoFamiliar _gf
WHERE _p.codigo &gt;=13000 and _p.codigo&lt;=14000 and _gf.idGrupoFamiliar=:grupo
    </query>
    <query name="getUserbyIdPersona">
        <query-param name="id" type="java.lang.Integer"/>
        SELECT p.idPersona as idp, p.nombreLdap as user, CONCAT(p.nombre1,&apos; &apos;,p.nombre2,&apos; &apos;,p.apellido1,&apos; &apos;,p.apellido2) as nombrecompleto
FROM Persona p
WHERE p.idPersona=:id
    </query>
    <query name="parentsSubjectStructure">
        <query-param name="ida" type="java.lang.Integer"/>
        SELECT a.idAsignatura as idasignatura,
u.idUnidad as idunidad,
u.unidad as unidad,
s.idSubtopico as idsubtopico,
s.subtopico as subtopico,
apr.idAprendizaje as idaprendizaje,
apr.aprendizaje as aprendizaje,
apr.fechaEsperada as fecha
FROM Asignatura a INNER JOIN a.unidads u INNER JOIN u.subtopicos s INNER JOIN s.aprendizajes apr
WHERE a.idAsignatura=:ida
ORDER BY apr.fechaEsperada asc
    </query>
    <query name="showInformationUser">
        <query-param name="user" type="java.lang.String"/>
        SELECT
p.tipoDocumento AS tipoDocumento,
p.noDocumento AS numeroDocumento,
p.idPersona AS idpersona,
p.nombre1 AS nombre1,
p.nombre2 AS nombre2,
p.apellido1 AS apellido1,
p.apellido2 AS apellido2,
p.nombreLdap AS usuario,
p.clave AS clave,
p.sexo AS sexo,
tipo.tipoPersona AS tipoPersona,
tipo.idTipoPersona as idtipo
FROM Persona AS p
INNER JOIN p.tipoPersona AS tipo
WHERE p.nombreLdap=:user
    </query>
    <query name="parentsLearningsStructure">
        <query-param name="ida2" type="java.lang.Integer"/>
        <query-param name="idapr2" type="java.lang.Integer"/>
        SELECT a.idAsignatura as idasignatura,
u.idUnidad as idunidad,
u.unidad as unidad,
u.unit as unit,
u.numeroUnidad as numunidad,
s.idSubtopico as idsubtopico,
s.subtopico as subtopico,
s.numeroSubtopico as numsubtopico,
s.subtopic as subtopic,
apr.idAprendizaje as idaprendizaje,
apr.aprendizaje as aprendizaje,
apr.fechaEsperada as fecha
FROM Asignatura a INNER JOIN a.unidads u INNER JOIN u.subtopicos s INNER JOIN s.aprendizajes apr
WHERE a.idAsignatura=:ida2 AND apr.idAprendizaje=:idapr2
    </query>
    <query name="hql_dash_asignaturas">
        <query-param name="idsy" type="java.lang.Integer"/>
        <query-param name="idpersona" type="java.lang.Integer"/>
        SELECT p.idPersona as idalumno, Sy.idSy as sy, a.idAsignatura as idasignatura, a.asignatura as asignatura, iaa.calificacion as puntaje, iaa.califChar as calificacion, iaa.esperados as esperados, iaa.logrados as logrados, iaa.porcentaje as porcentaje
FROM InscAlumAsig iaa INNER JOIN iaa.asignatura a INNER JOIN iaa.persona p INNER JOIN iaa.periodo.sy Sy
WHERE Sy.idSy=:idsy and p.idPersona=:idpersona
    </query>
    <query name="getEducomCount">
        <query-param name="pidsy" type="java.lang.Integer"/>
        <query-param name="pidpersona" type="java.lang.Integer"/>
        SELECT
p.idPersona as idpersona,
sy.idSy as idsy,
e.tipoEducom as educom
FROM InscPersonaEduCom ipe INNER JOIN ipe.educom e INNER JOIN ipe.persona p INNER JOIN e.sy sy
WHERE sy.idSy=:pidsy AND p.idPersona=:pidpersona
    </query>
    <query name="parentsFinalCualification">
        <query-param name="idApr" type="java.lang.Integer"/>
        <query-param name="idPer" type="java.lang.Integer"/>
        SELECT
p.idPersona as idpersona,
a.idAprendizaje as idaprendizaje,
c.calificacion as calificacion,
c.calificacionNum as puntaje,
c.fechaLogro as fechaLogro
FROM CalificacionFinal c INNER JOIN c.aprendizaje a INNER JOIN c.persona p
WHERE a.idAprendizaje=:idApr AND p.idPersona=:idPer
    </query>
    <query name="getEducomECR">
        <query-param name="pidsy" type="java.lang.Integer"/>
        <query-param name="pidpersona" type="java.lang.Integer"/>
        SELECT
p.idPersona as idpersona,
sy.idSy as idsy,
e.tipoEducom as educom
FROM InscPersonaEduCom ipe INNER JOIN ipe.educom e INNER JOIN ipe.persona p INNER JOIN e.sy sy
WHERE sy.idSy=:pidsy AND p.idPersona=:pidpersona and e.tipoEducom=&apos;ECR&apos;
    </query>
    <query name="detailsActivitiesStudent">
        <query-param name="idp" type="java.lang.Integer"/>
        <query-param name="idsy" type="java.lang.Integer"/>
        <query-param name="idact" type="java.lang.Integer"/>
        SELECT
act.idActividad as id,
act.actividad  as actividad,
a.idAsignatura as idasignatura,
a.asignatura as title,
act.fecha as fecha
FROM InscAlumAsig iaa
INNER JOIN iaa.asignatura a INNER JOIN a.unidads u INNER JOIN u.subtopicos s INNER JOIN s.actividads act INNER JOIN iaa.persona p INNER JOIN iaa.periodo per INNER JOIN per.sy _sy
WHERE p.idPersona=:idp AND _sy.idSy=:idsy AND act.fecha IS NOT NULL AND act.idActividad=:idact
ORDER BY act.fecha desc
    </query>
    <query name="parentsCostosEduCom">
        <query-param name="f1" type="java.util.Date"/>
        <query-param name="y" type="java.lang.Integer"/>
        SELECT
e.idEducom as id,
c.idCosto as idcosto,
c.codigo as codigo,
c.nombreProducto as nombre,
c.valor as valor,
e.fechaInicio as fechainicio,
e.fechaFin as fechafin,
e.edadRequeridaInicial as edad1,
e.edadRequeridadFinal as edad2,
e.fechaAperturaCurso as fecha1,
e.fechaCierreCurso as fecha2,
e.tipoEducom as tipoeducom,
e.cupoMaximo as cupoMaximo,
e.tarifaAnticipado as pagoAnticipado
FROM Educom e INNER JOIN e.costos c
WHERE (:f1 BETWEEN e.fechaAperturaCurso AND e.fechaCierreCurso) AND (e.edadRequeridaInicial&gt;=:y AND e.edadRequeridadFinal&lt;=:y)
ORDER BY c.nombreProducto asc
    </query>
    <query name="getCostosTransporte">
        <query-param name="idg" type="java.lang.Integer"/>
        <query-param name="cod" type="java.lang.String"/>
        <query-param name="nuevo" type="java.lang.Boolean"/>
        SELECT _c.idCosto as id, _c.codigo as codigo, _c.nombreProducto as nombre, _c.valor as valor, _c.nuevo as nuevo
FROM Costos _c INNER JOIN _c.grado _g
WHERE _g.idGrado=:idg and _c.codigo=:cod and _c.nuevo=:nuevo
    </query>
    <query name="GetInscPersonaGrupoFamiliar">
        <query-param name="gf" type="java.lang.Integer"/>
        SELECT p.idPersona as idpersona, p.noDocumento as dni, p.nombre1 as nombre1, p.nombre2 as nombre2, p.apellido1 as apellido1, p.apellido2 as apellido2, tp.idTipoPersona as idtipopersona, tp.tipoPersona as tipoPersona, ipgf.responsable as responsable, gf.idGrupoFamiliar as idGrupoFamiliar, gf.grupoFamiliar as grupoFamiliar, ipgf.idInscPersonaGrupoFamiliar as idunico
FROM InscPersonaGrupoFamiliar ipgf INNER JOIN ipgf.persona p INNER JOIN ipgf.tipoPersona tp INNER JOIN ipgf.grupoFamiliar gf
WHERE gf.idGrupoFamiliar=:gf AND tp.idTipoPersona&gt;1
    </query>
    <query name="returExitsValue">
        <query-param name="user" type="java.lang.String"/>
        SELECT COUNT(adp.idActualizacionDatosPersona) as retorno
FROM ActualizacionDatosPersona adp INNER JOIN adp.persona p
WHERE p.nombreLdap=:user
    </query>
    <query name="_countGrupoFamiliarUpdated">
        <query-param name="idgrupofamiliar" type="java.lang.Integer"/>
        SELECT COUNT(gf.idGrupoFamiliar) as _count
FROM InscPersonaGrupoFamiliar ipgf INNER JOIN ipgf.grupoFamiliar gf
WHERE gf.idGrupoFamiliar=:idgrupofamiliar
    </query>
    <query name="getAsignaturasMalas">
        <query-param name="id" type="java.lang.Integer"/>
        select
calificacion AS puntaje,
porcentaje AS porcent,
esperados AS esperados,
logrados AS logrados,
califChar AS calificacion,
persona.idPersona AS persona,
asignatura.asignatura AS asig

from InscAlumAsig ia where ia.persona=:id
    </query>
    <query name="hq_ls_grado">
        SELECT g.idGrado as idgrado,  g.grado as grado
FROM Grado g
WHERE g.idGrado &lt;1000
ORDER BY g.idGrado asc
    </query>
    <query name="getNombreGrupoFamiliar">
        <query-param name="id" type="java.lang.Integer"/>
        from GrupoFamiliar _a where _a.idGrupoFamiliar=:id
    </query>
    <query name="listadoEstudiantesGrupoFamiliar">
        <query-param name="idg" type="java.lang.Integer"/>
        SELECT _p.codigo as codigo, _p.idPersona as idpersona, _p.nombreLdap as user,
CONCAT(_p.nombre1,&apos; &apos;, _p.nombre2,&apos; &apos;, _p.apellido1,&apos; &apos;, _p.apellido2) AS completo, _f.grupoFamiliar as grupo, _f.idGrupoFamiliar as idgrupo, _t.tipoPersona as tipo, _t.idTipoPersona as idtipo
FROM Persona _p INNER JOIN _p.grupoFamiliar _f INNER JOIN _p.tipoPersona _t
WHERE _f.idGrupoFamiliar=:idg and _t.idTipoPersona=1
    </query>
    <query name="getGrupoFamiliarbyUser">
        <query-param name="idgrupo" type="java.lang.Integer"/>
        SELECT p.nombreLdap as user,
p.idPersona as pid,
p.codigo as code,
CONCAT(p.nombre1,&apos; &apos;,p.nombre2) as nombres,
CONCAT(p.apellido1,&apos; &apos;, p.apellido2) as apellidos,
substring(p.inscAlumCursoIdInscAlumCurso, 1, 3) as grado,
p.inscAlumCursoIdInscAlumCurso  as curso,
UPPER(t.tipoPersona) as tipo,
g.idGrupoFamiliar as idgrupo,
g.grupoFamiliar as familia,
t.idTipoPersona as idtipo
FROM Persona p INNER JOIN p.grupoFamiliar g INNER JOIN p.tipoPersona as t
WHERE g.idGrupoFamiliar=:idgrupo
ORDER BY t.idTipoPersona asc
    </query>
    <query name="_hqlAlergiasByUser">
        <query-param name="idp" type="java.lang.Integer"/>
        SELECT _p.idPersona as id, fm.alergias as alergias, fm.recomendacionesEspeciales as recomendaciones, fm.idfichaMedica as idficha
FROM FichaMedica fm INNER JOIN fm.persona _p
WHERE _p.idPersona=:idp
    </query>
    <query name="parentsScoreDetails">
        <query-param name="idiaa" type="java.lang.Integer"/>
        SELECT
CONCAT(str(day(iaa.fechaLogro)),&apos;/&apos;,str(month(iaa.fechaLogro)),&apos;/&apos;,str(year(iaa.fechaLogro))) as fechalogro,
CONCAT(str(day(iaa.fechaIngreso)),&apos;/&apos;,str(month(iaa.fechaIngreso)),&apos;/&apos;,str(year(iaa.fechaIngreso))) as fechaingreso,
iaa.calificacion as calificacion,
(iaa.calificacionNum * 100) as puntaje,
iaa.comentario as comentario,
iaa.idInscAlumAprendizaje as id
FROM InscAlumAprendizaje iaa INNER JOIN iaa.persona p INNER  JOIN iaa.aprendizaje a
WHERE iaa.idInscAlumAprendizaje=:idiaa
    </query>
    <query name="getMaxEducom">
        <query-param name="pideducom" type="java.lang.Integer"/>
        <query-param name="pidsy" type="java.lang.Integer"/>
        SELECT
e.idEducom as ideducom,
e.cupoMaximo as cupoMaximo,
p.idPersona as idpersona,
sy.idSy as idsy
FROM InscPersonaEduCom ipe INNER JOIN ipe.persona p INNER JOIN ipe.educom e INNER JOIN e.sy sy
WHERE e.idEducom=:pideducom AND sy.idSy=:pidsy
    </query>
    <query name="mailAcudiente">
        <query-param name="grupo" type="java.lang.Integer"/>
        SELECT p.tipoDocumento AS tipoDocumento,p.noDocumento AS numeroDocumento,p.nombre1 AS nombre1,p.nombre2 AS nombre2,p.apellido1 AS apellido1, p.apellido2 AS apellido2, p.email as correo, p.sexo AS sexo, tipo.tipoPersona AS tipoPersona, familia.idGrupoFamiliar as idFamilia, familia.grupoFamiliar as grupo
FROM Persona AS p INNER JOIN p.tipoPersona AS tipo INNER JOIN p.grupoFamiliar as familia
WHERE  tipo.idTipoPersona=3 AND familia.idGrupoFamiliar = :grupo
    </query>
    <query name="updateServicios">
        <query-param name="idiac" type="java.lang.Integer"/>
        <query-param name="inscribir" type="java.lang.Boolean"/>
        UPDATE InscAlumCosto iac SET iac.inscrito=:inscribir
WHERE iac.idInscAlumCosto=:idiac
    </query>
    <query name="getSyByCurDate">
        <query-param name="f1" type="java.util.Date"/>
        SELECT
sy.idSy as idsy,
sy.schoolYear as sy,
DATE(sy.fechaDesde),
DATE(sy.fechaHasta)
FROM Sy sy
WHERE :f1 BETWEEN sy.fechaDesde AND sy.fechaHasta
    </query>
    <query name="getFormulario5aById">
        <query-param name="idFormulario" type="java.lang.Integer"/>
        FROM Formulario5a _id where _id.idformulario5a=:idFormulario
    </query>
    <query name="getGrupoFamiliarbyIdPersona">
        <query-param name="idp" type="java.lang.Integer"/>
        SELECT p.nombreLdap as user,
p.idPersona as pid,
CONCAT(p.nombre1,&apos; &apos;,p.nombre2,&apos; &apos;, p.apellido1,&apos; &apos;, p.apellido2) as nombreCompleto,
UPPER(t.tipoPersona) as tipo,
g.idGrupoFamiliar as idgrupo,
g.grupoFamiliar as familia
FROM Persona p INNER JOIN p.grupoFamiliar g INNER JOIN p.tipoPersona as t
WHERE p.idPersona=:idp
    </query>
    <query name="getSubjectsByStudent">
        <query-param name="idpersona" type="java.lang.Integer"/>
        <query-param name="idsy" type="java.lang.Integer"/>
        SELECT
p.idPersona as idpersona,
a.idAsignatura as idasignatura,
a.asignatura as asignatura,
sy.idSy as idsy,
sy.schoolYear as schoolYear,
iaa.calificacion as puntaje,
iaa.califChar as calificacion,
iaa.porcentaje as porcentaje
FROM InscAlumAsig iaa INNER JOIN iaa.asignatura a INNER JOIN iaa.persona p INNER JOIN iaa.periodo per INNER JOIN  per.sy as sy
WHERE p.idPersona=:idpersona AND sy.idSy=:idsy
    </query>
    <query name="getGradoUsuario">
        <query-param name="idp" type="java.lang.Integer"/>
        SELECT _p.idPersona as idpersona, _p.codigo as codigo, _c.idCurso as idcurso, _c.curso as curso, _g.idGrado as idgrado, _g.grado as grado , _sy.idSy as idsy, _sy.schoolYear as sy
FROM InscAlumCurso _iac INNER JOIN _iac.persona _p INNER JOIN _iac.curso _c INNER JOIN _iac.sy _sy INNER JOIN _c.grado _g
WHERE _p.idPersona=:idp
AND _p.codigo&gt;=12000 AND _p.codigo&lt;=13999
ORDER BY _sy.idSy DESC
    </query>
    <query name="personaGetInfo">
        <query-param name="username" type="java.lang.String"/>
        SELECT p.idPersona as idpersona, p.tipoDocumento AS tipoDocumento,p.noDocumento AS numeroDocumento,p.nombre1 AS n1,p.nombre2 AS n2,p.apellido1 AS a1, p.apellido2 AS a2, p.nombreLdap AS usuario, p.sexo AS sexo1, tipo.tipoPersona AS tipoPe, tipo.idTipoPersona AS tipoId, familia.idGrupoFamiliar as idFamilia, familia.grupoFamiliar as grupoFamilia, p.idPersona as idpersona,
p.noDocumento as documento, p.codigo as codigo
FROM Persona AS p INNER JOIN p.tipoPersona AS tipo INNER JOIN p.grupoFamiliar as familia
WHERE   p.nombreLdap=:username
    </query>
    <query name="updateDatosPersona">
        <query-param name="pbool" type="java.lang.Byte"/>
        <query-param name="idp" type="java.lang.Integer"/>
        UPDATE ActualizacionDatosPersona adp SET adp.actualizado=:pbool
WHERE adp.persona IN(SELECT _p.idPersona FROM Persona _p WHERE _p.idPersona=:idp)
    </query>
    <query name="_existeFichaMedicaByUser">
        <query-param name="idp" type="java.lang.Integer"/>
        SELECT p.idPersona as idpersona
FROM FichaMedica fm INNER JOIN fm.persona p
WHERE p.idPersona=:idp
    </query>
    <query name="updateInscPersonaGrupoFamiliar">
        <query-param name="responsable" type="java.lang.Boolean"/>
        <query-param name="idipgf" type="java.lang.Integer"/>
        UPDATE InscPersonaGrupoFamiliar ipgf SET ipgf.responsable=:responsable
WHERE ipgf.idInscPersonaGrupoFamiliar=:idipgf
    </query>
    <query name="hqlAlergiasByUser">
        <query-param name="idp" type="java.lang.Integer"/>
        SELECT _p.idPersona as id, fm.alergias as alergias, fm.recomendacionesEspeciales as recomendaciones, fm.idfichaMedica as idficha
FROM FichaMedica fm INNER JOIN fm.persona _p
WHERE _p.idPersona=:idp
    </query>
</hibernate-mapping>