<!DOCTYPE hibernate-mapping PUBLIC "-//Hibernate/Hibernate Mapping DTD 3.0//EN" "http://hibernate.sourceforge.net/hibernate-mapping-3.0.dtd">
<hibernate-mapping>
    <class name="com.aprendoz_desarrollo.data.FeedbackReportes" table="feedback_reportes" catalog="aprendoz_desarrollo" dynamic-insert="false" dynamic-update="false">
        <id name="idfeedbackReportes" type="integer">
            <column name="idfeedback_reportes"/>
            <generator class="identity"/>
        </id>
        <property name="fechaCreacion" type="timestamp">
            <column name="fecha_creacion" length="19" not-null="true"/>
        </property>
        <property name="fechaActualizacion" type="timestamp">
            <column name="fecha_actualizacion" length="19" not-null="true"/>
        </property>
        <property name="usuario" type="string">
            <column name="usuario" length="25" not-null="true"/>
        </property>
        <property name="titulo" type="string">
            <column name="titulo" length="65535" not-null="true"/>
        </property>
        <property name="comentario" type="string">
            <column name="comentario" length="65535"/>
        </property>
        <property name="tipoFeedback" type="string">
            <column name="tipo_feedback" length="25" not-null="true"/>
        </property>
    </class>
</hibernate-mapping>