<!DOCTYPE hibernate-mapping PUBLIC "-//Hibernate/Hibernate Mapping DTD 3.0//EN" "http://hibernate.sourceforge.net/hibernate-mapping-3.0.dtd">
<hibernate-mapping>
    <class name="com.aprendoz_desarrollo.data.Pais" table="Pais" catalog="aprendoz_desarrollo" dynamic-insert="false" dynamic-update="false">
        <id name="idPais" type="integer">
            <column name="id_pais"/>
            <generator class="assigned"/>
        </id>
        <property name="pais" type="string">
            <column name="pais" length="30" not-null="true"/>
        </property>
        <set name="estadoDepartamentos" inverse="true" cascade="">
            <key>
                <column name="pais_id_pais" not-null="true"/>
            </key>
            <one-to-many class="com.aprendoz_desarrollo.data.EstadoDepartamento"/>
        </set>
        <set name="personas" inverse="true" cascade="">
            <key>
                <column name="PAIS_NAC_ID" not-null="true"/>
            </key>
            <one-to-many class="com.aprendoz_desarrollo.data.Persona"/>
        </set>
    </class>
</hibernate-mapping>