<!DOCTYPE hibernate-mapping PUBLIC "-//Hibernate/Hibernate Mapping DTD 3.0//EN" "http://hibernate.sourceforge.net/hibernate-mapping-3.0.dtd">
<hibernate-mapping>
    <class name="com.aprendoz_desarrollo.data.ActualizacionDatosPersona" table="actualizacion_datos_persona" catalog="aprendoz_desarrollo" dynamic-insert="false" dynamic-update="false">
        <id name="idActualizacionDatosPersona" type="integer">
            <column name="id_actualizacion_datos_persona"/>
            <generator class="identity"/>
        </id>
        <property name="fecha" type="timestamp">
            <column name="fecha" length="19" not-null="true"/>
        </property>
        <property name="actualizado" type="byte">
            <column name="actualizado" not-null="true"/>
        </property>
        <many-to-one name="persona" class="com.aprendoz_desarrollo.data.Persona">
            <column name="persona_id_persona" not-null="true"/>
        </many-to-one>
    </class>
</hibernate-mapping>