<!DOCTYPE hibernate-mapping PUBLIC "-//Hibernate/Hibernate Mapping DTD 3.0//EN" "http://hibernate.sourceforge.net/hibernate-mapping-3.0.dtd">
<hibernate-mapping>
    <class name="com.aprendoz_desarrollo.data.Cargos" table="cargos" catalog="aprendoz_desarrollo" dynamic-insert="false" dynamic-update="false">
        <id name="idCargo" type="long">
            <column name="id_cargo"/>
            <generator class="identity"/>
        </id>
        <property name="idPersona" type="long">
            <column name="id_persona" not-null="true"/>
        </property>
        <property name="idCosto" type="long">
            <column name="id_costo" not-null="true"/>
        </property>
        <property name="valor" type="double">
            <column name="valor" precision="22" not-null="true"/>
        </property>
        <property name="fechaCargo" type="date">
            <column name="fecha_cargo" length="10" not-null="true"/>
        </property>
        <property name="fechaVencimiento" type="date">
            <column name="fecha_vencimiento" length="10" not-null="true"/>
        </property>
        <property name="medioCargo" type="string">
            <column name="medio_cargo" length="65535" not-null="true"/>
        </property>
        <property name="descuento" type="float">
            <column name="descuento" precision="12" not-null="true"/>
        </property>
        <property name="saldo" type="double">
            <column name="saldo" precision="22" not-null="true"/>
        </property>
        <property name="idPago" type="long">
            <column name="id_pago" not-null="true"/>
        </property>
    </class>
</hibernate-mapping>