<!DOCTYPE hibernate-mapping PUBLIC "-//Hibernate/Hibernate Mapping DTD 3.0//EN" "http://hibernate.sourceforge.net/hibernate-mapping-3.0.dtd">
<hibernate-mapping>
    <class name="com.aprendoz_desarrollo.data.SeguridadPersonasAccesos" table="seguridad_personas_accesos" catalog="aprendoz_desarrollo" dynamic-insert="false" dynamic-update="false">
        <id name="idSeguridadPersonasAccesos" type="integer">
            <column name="id_seguridad_personas_accesos"/>
            <generator class="identity"/>
        </id>
        <property name="accesoTemp" type="byte">
            <column name="acceso_temp" not-null="true"/>
        </property>
        <property name="createdDate" type="timestamp">
            <column name="created_date" length="19" not-null="true"/>
        </property>
        <property name="updatedDate" type="timestamp">
            <column name="updated_date" length="19" not-null="true"/>
        </property>
        <property name="asignadoPor" type="string">
            <column name="asignado_por" length="20" not-null="true"/>
        </property>
        <many-to-one name="persona" class="com.aprendoz_desarrollo.data.Persona">
            <column name="persona_id_persona" not-null="true"/>
        </many-to-one>
    </class>
</hibernate-mapping>