<!DOCTYPE hibernate-mapping PUBLIC "-//Hibernate/Hibernate Mapping DTD 3.0//EN" "http://hibernate.sourceforge.net/hibernate-mapping-3.0.dtd">
<hibernate-mapping>
    <class name="com.aprendoz_desarrollo.data.TipoTransporte" table="tipo_transporte" catalog="aprendoz_desarrollo" dynamic-insert="false" dynamic-update="false">
        <id name="idtipoTransporte" type="integer">
            <column name="idtipo_transporte"/>
            <generator class="assigned"/>
        </id>
        <property name="tipoTransporte" type="string">
            <column name="tipo_transporte" not-null="true"/>
        </property>
        <property name="descripcion" type="string">
            <column name="descripcion" length="65535" not-null="true"/>
        </property>
        <set name="transporteRutases" inverse="true" cascade="">
            <key>
                <column name="tipo_transporte_id_tipo_transporte" not-null="true"/>
            </key>
            <one-to-many class="com.aprendoz_desarrollo.data.TransporteRutas"/>
        </set>
    </class>
</hibernate-mapping>