<!DOCTYPE hibernate-mapping PUBLIC "-//Hibernate/Hibernate Mapping DTD 3.0//EN" "http://hibernate.sourceforge.net/hibernate-mapping-3.0.dtd">
<hibernate-mapping>
    <class name="com.aprendoz_desarrollo.data.GestionEncuestasGrupoFamiliar" table="gestion_encuestas_grupo_familiar" catalog="aprendoz_desarrollo" dynamic-insert="false" dynamic-update="false">
        <id name="idGestionEncuestaGrupoFamiliar" type="integer">
            <column name="id_gestion_encuesta_grupo_familiar"/>
            <generator class="identity"/>
        </id>
        <property name="encuestaTerminada" type="byte">
            <column name="encuesta_terminada" not-null="true"/>
        </property>
        <property name="fechaCreacion" type="timestamp">
            <column name="fecha_creacion" length="19" not-null="true"/>
        </property>
        <property name="fechaActualizacion" type="timestamp">
            <column name="fecha_actualizacion" length="19" not-null="true"/>
        </property>
        <many-to-one name="grupoFamiliar" class="com.aprendoz_desarrollo.data.GrupoFamiliar">
            <column name="grupo_familiar_id_grupo_familiar" not-null="true"/>
        </many-to-one>
    </class>
</hibernate-mapping>