<!DOCTYPE hibernate-mapping PUBLIC "-//Hibernate/Hibernate Mapping DTD 3.0//EN" "http://hibernate.sourceforge.net/hibernate-mapping-3.0.dtd">
<hibernate-mapping>
    <class name="com.aprendoz_desarrollo.data.LogMatriculasAccionesUsuarios" table="log_matriculas_acciones_usuarios" catalog="aprendoz_desarrollo" dynamic-insert="false" dynamic-update="false">
        <id name="idLogAccionesMatriculas" type="integer">
            <column name="id_log_acciones_matriculas"/>
            <generator class="identity"/>
        </id>
        <property name="usuario" type="string">
            <column name="usuario" length="20" not-null="true"/>
        </property>
        <property name="accionRealizada" type="string">
            <column name="accion_realizada" length="65535" not-null="true"/>
        </property>
        <property name="tablaAfectada" type="string">
            <column name="tabla_afectada" length="50" not-null="true"/>
        </property>
        <property name="fechaCreacion" type="timestamp">
            <column name="fecha_creacion" length="19" not-null="true"/>
        </property>
        <property name="fechaModificacion" type="timestamp">
            <column name="fecha_modificacion" length="19" not-null="true"/>
        </property>
    </class>
</hibernate-mapping>