<!DOCTYPE hibernate-mapping PUBLIC "-//Hibernate/Hibernate Mapping DTD 3.0//EN" "http://hibernate.sourceforge.net/hibernate-mapping-3.0.dtd">
<hibernate-mapping>
    <class name="com.aprendoz_desarrollo.data.TransporteRutas" table="transporte_rutas" catalog="aprendoz_desarrollo" dynamic-insert="false" dynamic-update="false">
        <id name="idRuta" type="integer">
            <column name="id_ruta"/>
            <generator class="identity"/>
        </id>
        <property name="numeroRuta" type="string">
            <column name="numero_ruta" not-null="true"/>
        </property>
        <property name="placaVehiculo" type="string">
            <column name="placa_vehiculo" not-null="true"/>
        </property>
        <property name="nombreConductor" type="string">
            <column name="nombre_conductor" length="65535" not-null="true"/>
        </property>
        <property name="telefonoConductor" type="string">
            <column name="telefono_conductor" length="15"/>
        </property>
        <property name="movilConductor" type="string">
            <column name="movil_conductor" length="15"/>
        </property>
        <property name="nombreMonitora" type="string">
            <column name="nombre_monitora" length="65535" not-null="true"/>
        </property>
        <property name="telefonoMonitor" type="string">
            <column name="telefono_monitor" length="15"/>
        </property>
        <property name="movilMonitor" type="string">
            <column name="movil_monitor" length="15"/>
        </property>
        <property name="idAvantel" type="string">
            <column name="id_avantel" length="5"/>
        </property>
        <property name="numeroAvantel" type="string">
            <column name="numero_avantel" length="15"/>
        </property>
        <property name="nombreResponsable" type="string">
            <column name="nombre_responsable" length="65535"/>
        </property>
        <property name="descripcion" type="string">
            <column name="descripcion" length="65535"/>
        </property>
        <property name="telefono1" type="string">
            <column name="telefono1"/>
        </property>
        <property name="telefono2" type="string">
            <column name="telefono2"/>
        </property>
        <many-to-one name="grupoFamiliar" class="com.aprendoz_desarrollo.data.GrupoFamiliar">
            <column name="grupo_familiad_id_grupo_familiar" not-null="true"/>
        </many-to-one>
        <many-to-one name="tipoTransporte" class="com.aprendoz_desarrollo.data.TipoTransporte">
            <column name="tipo_transporte_id_tipo_transporte" not-null="true"/>
        </many-to-one>
        <set name="transporteInscAlumTransportesForMartesRuta" inverse="true" cascade="">
            <key>
                <column name="martes_ruta" not-null="true"/>
            </key>
            <one-to-many class="com.aprendoz_desarrollo.data.TransporteInscAlumTransporte"/>
        </set>
        <set name="transporteInscAlumTransportesForMiercolesRuta" inverse="true" cascade="">
            <key>
                <column name="miercoles_ruta" not-null="true"/>
            </key>
            <one-to-many class="com.aprendoz_desarrollo.data.TransporteInscAlumTransporte"/>
        </set>
        <set name="transporteInscAlumTransportesForJuevesRuta" inverse="true" cascade="">
            <key>
                <column name="jueves_ruta" not-null="true"/>
            </key>
            <one-to-many class="com.aprendoz_desarrollo.data.TransporteInscAlumTransporte"/>
        </set>
        <set name="transporteInscAlumTransportesForViernesRuta" inverse="true" cascade="">
            <key>
                <column name="viernes_ruta" not-null="true"/>
            </key>
            <one-to-many class="com.aprendoz_desarrollo.data.TransporteInscAlumTransporte"/>
        </set>
        <set name="transporteInscAlumTransportesForSabadoRuta" inverse="true" cascade="">
            <key>
                <column name="sabado_ruta" not-null="true"/>
            </key>
            <one-to-many class="com.aprendoz_desarrollo.data.TransporteInscAlumTransporte"/>
        </set>
        <set name="transporteInscAlumTransportesForDomingoRuta" inverse="true" cascade="">
            <key>
                <column name="domingo_ruta" not-null="true"/>
            </key>
            <one-to-many class="com.aprendoz_desarrollo.data.TransporteInscAlumTransporte"/>
        </set>
        <set name="transporteNovedadeses" inverse="true" cascade="">
            <key>
                <column name="ruta_id_ruta" not-null="true"/>
            </key>
            <one-to-many class="com.aprendoz_desarrollo.data.TransporteNovedades"/>
        </set>
        <set name="transporteInscAlumTransportesForLunesRuta" inverse="true" cascade="">
            <key>
                <column name="lunes_ruta" not-null="true"/>
            </key>
            <one-to-many class="com.aprendoz_desarrollo.data.TransporteInscAlumTransporte"/>
        </set>
    </class>
</hibernate-mapping>